{

	"metadata" :
	{
		"formatVersion" : 3.1,
		"generatedBy"   : "Blender 2.7 Exporter",
		"vertices"      : 8,
		"faces"         : 12,
		"normals"       : 8,
		"colors"        : 0,
		"uvs"           : [30],
		"materials"     : 1,
		"morphTargets"  : 0,
		"bones"         : 0
	},

	"scale" : 1.000000,

	"materials" : [	{
		"DbgColor" : 15658734,
		"DbgIndex" : 0,
		"DbgName" : "WoodenBox",
		"blending" : "NormalBlending",
		"colorAmbient" : [0.6400000190734865, 0.6400000190734865, 0.6400000190734865],
		"colorDiffuse" : [0.6400000190734865, 0.6400000190734865, 0.6400000190734865],
		"colorEmissive" : [0.0, 0.0, 0.0],
		"colorSpecular" : [0.5, 0.5, 0.5],
		"depthTest" : true,
		"depthWrite" : true,
		"mapDiffuse" : "wooden_box_diffuse.png",
		"mapDiffuseWrap" : ["repeat", "repeat"],
		"shading" : "Lambert",
		"specularCoef" : 50,
		"transparency" : 1.0,
		"transparent" : false,
		"vertexColors" : false
	}],

	"vertices" : [1,-1,-1,1,-1,1,-1,-1,1,-1,-1,-1,1,1,-1,0.999999,1,1,-1,1,1,-1,1,-1],

	"morphTargets" : [],

	"normals" : [0.577349,-0.577349,-0.577349,0.577349,-0.577349,0.577349,-0.577349,-0.577349,0.577349,0.577349,0.577349,-0.577349,-0.577349,0.577349,-0.577349,0.577349,0.577349,0.577349,-0.577349,0.577349,0.577349,-0.577349,-0.577349,-0.577349],

	"colors" : [],

	"uvs" : [[0.992188,0.992188,0.992188,-0.007812,-0.007812,-0.007812,0.998,0.998,-0.002,0.998,0.998,-0.002,1,-0.003906,1,0.996094,0,-0.003906,0.996094,0,0.996093,1,-0.003906,0,0,0,0,1,1,1,1,0,-0.003906,0.996094,0.996094,0.996094,-0.003906,-0.003906,-0,0.996094,0.996094,0.003906,-0.003906,0.003906,-0.003906,1.00391,-0.0004,0.99672,-0.0004,-0.00328,0.9996,-0.00328,0.992188,-0.003906,-0.007812,-0.003906,0.992188,0.996094,-0.003906,1]],

	"faces" : [42,0,1,2,0,0,1,2,0,1,2,42,4,7,5,0,3,4,5,3,4,5,42,0,4,1,0,6,7,8,0,3,1,42,1,5,2,0,9,10,11,1,5,2,42,2,6,7,0,12,13,14,2,6,4,42,4,0,7,0,14,15,13,3,0,4,42,3,0,2,0,16,17,18,7,0,2,42,4,5,1,0,7,19,8,3,5,1,42,0,3,7,0,20,21,22,0,7,4,42,7,6,5,0,23,24,25,4,6,5,42,3,2,7,0,26,27,28,7,2,4,42,5,6,2,0,10,29,11,5,6,2],

	"bones" : [],

	"skinIndices" : [],

	"skinWeights" : [],

  "animations" : []


}
