{

	"metadata" :
	{
		"formatVersion" : 3.1,
		"generatedBy"   : "Blender 2.7 Exporter",
		"vertices"      : 24,
		"faces"         : 12,
		"normals"       : 8,
		"colors"        : 7,
		"uvs"           : [23],
		"materials"     : 1,
		"morphTargets"  : 0,
		"bones"         : 0
	},

	"scale" : 1.000000,

	"materials" : [	{
		"DbgColor" : 15658734,
		"DbgIndex" : 0,
		"DbgName" : "Red",
		"blending" : "NormalBlending",
		"colorAmbient" : [0.6400000190734865, 0.4528519574657663, 0.19258957483141334],
		"colorDiffuse" : [0.800000011920929, 0.566064938397183, 0.24073696495200636],
		"colorEmissive" : [0.16319988017082032, 0.0, 0.0],
		"colorSpecular" : [0.5, 0.5, 0.5],
		"depthTest" : true,
		"depthWrite" : true,
		"mapDiffuse" : "wooden_box_diffuse.png",
		"mapDiffuseWrap" : ["repeat", "repeat"],
		"shading" : "Lambert",
		"specularCoef" : 50,
		"transparency" : 1.0,
		"transparent" : false,
		"vertexColors" : true
	}],

	"vertices" : [1,-1,-1,-1,-1,-1,-1,-1,1,-1,-1,-1,1,-1,-1,1,-1,1,1,1,-1,1,1,1,-1,-1,1,1,-1,1,-1,1,1,1,1,1,-1,-1,1,-1,-1,-1,-1,1,1,-1,1,-1,-1,1,1,-1,1,-1,1,1,-1,1,1,1,-1,1,-1,1,1,-1,1,-1,-1,1,-1,1],

	"morphTargets" : [],

	"normals" : [0,1,0,0,-1,0,0,0,1,-1,0,0,-0.999969,0,0,0,0,-1,0.999969,0,0,1,0,0],

	"colors" : [16773632,0,3227903,11381677,5766912,16711680,11993343],

	"uvs" : [[0,0,1,0,0,1,0.995,0.0025,-0.005,0.0025,0.995,1.0025,1,0.0025,1,1.0025,0,0.0025,0.9975,-0.0025,0.9975,0.9975,-0.0025,0.9975,1,1,0,1.0025,-0.0016,0.9984,0.9984,0.9984,0.9984,-0.0016,0.995,0.9975,0.995,-0.0025,-0.005,0.9975,0.9975,0,0.9975,1,-0.0025,0]],

	"faces" : [170,16,19,17,0,0,1,2,0,0,0,0,0,0,170,23,2,22,0,3,4,5,1,1,1,2,2,2,170,9,11,8,0,6,7,8,2,2,2,3,3,3,170,12,14,13,0,0,2,1,3,4,4,4,4,4,170,20,0,3,0,2,1,0,5,5,5,5,5,5,170,19,18,17,0,9,10,11,0,0,0,0,0,0,170,2,1,22,0,0,2,12,1,1,1,2,2,2,170,11,10,8,0,7,13,8,2,2,2,3,3,3,170,14,15,13,0,14,15,16,4,3,4,4,4,4,170,21,0,20,0,17,18,19,5,5,5,5,5,5,170,6,7,5,0,7,13,8,6,7,6,6,6,6,170,4,6,5,0,20,21,22,7,6,6,6,6,6],

	"bones" : [],

	"skinIndices" : [],

	"skinWeights" : [],

  "animations" : []


}
