{

	"metadata" :
	{
		"formatVersion" : 3.1,
		"generatedBy"   : "Blender 2.7 Exporter",
		"vertices"      : 8,
		"faces"         : 12,
		"normals"       : 8,
		"colors"        : 10,
		"uvs"           : [],
		"materials"     : 1,
		"morphTargets"  : 0,
		"bones"         : 0
	},

	"scale" : 1.000000,

	"materials" : [	{
		"DbgColor" : 15658734,
		"DbgIndex" : 0,
		"DbgName" : "Red",
		"blending" : "NormalBlending",
		"colorAmbient" : [0.6400000190734865, 0.0, 0.0],
		"colorDiffuse" : [0.6400000190734865, 0.0, 0.0],
		"colorEmissive" : [0.0, 0.0, 0.0],
		"colorSpecular" : [0.5, 0.13333332538604736, 0.13333332538604736],
		"depthTest" : true,
		"depthWrite" : true,
		"shading" : "Lambert",
		"specularCoef" : 50,
		"transparency" : 1.0,
		"transparent" : false,
		"vertexColors" : true
	}],

	"vertices" : [1,-1,-1,1,-1,1,-1,-1,1,-1,-1,-1,1,1,-1,0.999999,1,1,-1,1,1,-1,1,-1],

	"morphTargets" : [],

	"normals" : [0.577349,-0.577349,-0.577349,0.577349,-0.577349,0.577349,-0.577349,-0.577349,0.577349,0.577349,0.577349,-0.577349,-0.577349,0.577349,-0.577349,0.577349,0.577349,0.577349,-0.577349,0.577349,0.577349,-0.577349,-0.577349,-0.577349],

	"colors" : [5857750,7591268,13768476,0,9928703,16748288,6291283,16711687,16773732,13092691],

	"uvs" : [],

	"faces" : [162,0,1,2,0,0,1,2,0,1,2,162,4,7,5,0,3,4,5,4,4,4,162,0,4,1,0,0,3,1,5,5,5,162,1,5,2,0,1,5,2,6,6,6,162,2,6,7,0,2,6,4,7,7,7,162,4,0,7,0,3,0,4,8,8,8,162,3,0,2,0,7,0,2,9,0,2,162,4,5,1,0,3,5,1,5,5,5,162,0,3,7,0,0,7,4,8,8,8,162,7,6,5,0,4,6,5,4,4,4,162,3,2,7,0,7,2,4,7,7,7,162,5,6,2,0,5,6,2,6,6,6],

	"bones" : [],

	"skinIndices" : [],

	"skinWeights" : [],

  "animations" : []


}
