{

	"metadata" :
	{
		"formatVersion" : 3.1,
		"generatedBy"   : "Blender 2.7 Exporter",
		"vertices"      : 24,
		"faces"         : 12,
		"normals"       : 8,
		"colors"        : 7,
		"uvs"           : [],
		"materials"     : 1,
		"morphTargets"  : 0,
		"bones"         : 0
	},

	"scale" : 1.000000,

	"materials" : [	{
		"DbgColor" : 15658734,
		"DbgIndex" : 0,
		"DbgName" : "Red",
		"blending" : "NormalBlending",
		"colorAmbient" : [0.6400000190734865, 0.0, 0.0],
		"colorDiffuse" : [0.800000011920929, 0.0, 0.0],
		"colorEmissive" : [0.16319988017082032, 0.0, 0.0],
		"colorSpecular" : [0.5, 0.5, 0.5],
		"depthTest" : true,
		"depthWrite" : true,
		"shading" : "Lambert",
		"specularCoef" : 50,
		"transparency" : 1.0,
		"transparent" : false,
		"vertexColors" : true
	}],

	"vertices" : [1,-1,-1,-1,-1,-1,-1,-1,1,-1,-1,-1,1,-1,-1,1,-1,1,1,1,-1,1,1,1,-1,-1,1,1,-1,1,-1,1,1,1,1,1,-1,-1,1,-1,-1,-1,-1,1,1,-1,1,-1,-1,1,1,-1,1,-1,1,1,-1,1,1,1,-1,1,-1,1,1,-1,1,-1,-1,1,-1,1],

	"morphTargets" : [],

	"normals" : [0,1,0,0,-1,0,0,0,1,-1,0,0,-0.999969,0,0,0,0,-1,0.999969,0,0,1,0,0],

	"colors" : [16773632,0,3227903,11381677,5766912,16711680,11993343],

	"uvs" : [],

	"faces" : [162,16,19,17,0,0,0,0,0,0,0,162,23,2,22,0,1,1,1,2,2,2,162,9,11,8,0,2,2,2,3,3,3,162,12,14,13,0,3,4,4,4,4,4,162,20,0,3,0,5,5,5,5,5,5,162,19,18,17,0,0,0,0,0,0,0,162,2,1,22,0,1,1,1,2,2,2,162,11,10,8,0,2,2,2,3,3,3,162,14,15,13,0,4,3,4,4,4,4,162,21,0,20,0,5,5,5,5,5,5,162,6,7,5,0,6,7,6,6,6,6,162,4,6,5,0,7,6,6,6,6,6],

	"bones" : [],

	"skinIndices" : [],

	"skinWeights" : [],

  "animations" : []


}
